<?xml version="1.0" encoding="UTF-8"?>
<deploy
 date="2025.08.13.17:31:05"
 outputDirectory="D:/Quartus_code/test_cordic/atan2/">
 <perimeter>
  <parameter
     name="AUTO_GENERATION_ID"
     type="Integer"
     defaultValue="0"
     onHdl="0"
     affectsHdl="1" />
  <parameter
     name="AUTO_UNIQUE_ID"
     type="String"
     defaultValue=""
     onHdl="0"
     affectsHdl="1" />
  <parameter
     name="AUTO_DEVICE_FAMILY"
     type="String"
     defaultValue="Cyclone IV E"
     onHdl="0"
     affectsHdl="1" />
  <parameter
     name="AUTO_DEVICE"
     type="String"
     defaultValue="EP4CE10E22A7"
     onHdl="0"
     affectsHdl="1" />
  <parameter
     name="AUTO_DEVICE_SPEEDGRADE"
     type="String"
     defaultValue="7"
     onHdl="0"
     affectsHdl="1" />
  <parameter
     name="AUTO_CLK_CLOCK_RATE"
     type="Long"
     defaultValue="-1"
     onHdl="0"
     affectsHdl="1" />
  <parameter
     name="AUTO_CLK_CLOCK_DOMAIN"
     type="Integer"
     defaultValue="-1"
     onHdl="0"
     affectsHdl="1" />
  <parameter
     name="AUTO_CLK_RESET_DOMAIN"
     type="Integer"
     defaultValue="-1"
     onHdl="0"
     affectsHdl="1" />
  <interface name="areset" kind="reset" start="0">
   <property name="associatedClock" value="clk" />
   <property name="synchronousEdges" value="DEASSERT" />
   <port name="areset" direction="input" role="reset" width="1" />
  </interface>
  <interface name="clk" kind="clock" start="0">
   <property name="clockRate" value="0" />
   <property name="externallyDriven" value="false" />
   <property name="ptfSchematicName" value="" />
   <port name="clk" direction="input" role="clk" width="1" />
  </interface>
  <interface name="q" kind="conduit" start="0">
   <property name="associatedClock" value="clk" />
   <property name="associatedReset" value="" />
   <port name="q" direction="output" role="q" width="11" />
  </interface>
  <interface name="x" kind="conduit" start="0">
   <property name="associatedClock" value="clk" />
   <property name="associatedReset" value="areset" />
   <port name="x" direction="input" role="x" width="18" />
  </interface>
  <interface name="y" kind="conduit" start="0">
   <property name="associatedClock" value="clk" />
   <property name="associatedReset" value="areset" />
   <port name="y" direction="input" role="y" width="18" />
  </interface>
 </perimeter>
 <entity
   path=""
   parameterizationKey="atan2:1.0:AUTO_CLK_CLOCK_DOMAIN=-1,AUTO_CLK_CLOCK_RATE=-1,AUTO_CLK_RESET_DOMAIN=-1,AUTO_DEVICE=EP4CE10E22A7,AUTO_DEVICE_FAMILY=Cyclone IV E,AUTO_DEVICE_SPEEDGRADE=7,AUTO_GENERATION_ID=1755077459,AUTO_UNIQUE_ID=(altera_CORDIC:17.1:ALL_function=ATAN2,FUNCTION_FAMILY=ALL,LUTSize=6,RES_DSP_param=0,RES_LUT_param=0,RES_MBIT_param=0,RES_MBLOCK_param=0,SFCompensation=false,derivedfunction=ATAN2,force_elaborate=0,frequency_feedback=0,frequency_target=100,fxpt_in_2_fraction_derived=0,fxpt_in_2_sign_derived=1,fxpt_in_2_width_derived=32,fxpt_in_fraction=8,fxpt_in_fraction_derived=0,fxpt_in_sign=1,fxpt_in_sign_derived=1,fxpt_in_width=18,fxpt_in_width_derived=32,fxpt_out_2_fraction_derived=0,fxpt_out_2_sign_derived=1,fxpt_out_2_width_derived=32,fxpt_out_fraction=8,fxpt_out_fraction_derived=0,fxpt_out_sign=1,fxpt_out_sign_derived=1,fxpt_out_width=32,fxpt_out_width_derived=11,gen_enable=false,latency_feedback=0,latency_target=100,performance_goal=combined,report_resources_to_xml=false,selected_device_family=Cyclone IV E,selected_device_speedgrade=7,specifyLUTs=false,useLUTs=false,validation_failed=false)"
   instancePathKey="atan2"
   kind="atan2"
   version="1.0"
   name="atan2">
  <parameter name="AUTO_CLK_CLOCK_RATE" value="-1" />
  <parameter name="AUTO_GENERATION_ID" value="1755077459" />
  <parameter name="AUTO_DEVICE" value="EP4CE10E22A7" />
  <parameter name="AUTO_DEVICE_FAMILY" value="Cyclone IV E" />
  <parameter name="AUTO_CLK_RESET_DOMAIN" value="-1" />
  <parameter name="AUTO_CLK_CLOCK_DOMAIN" value="-1" />
  <parameter name="AUTO_UNIQUE_ID" value="" />
  <parameter name="AUTO_DEVICE_SPEEDGRADE" value="7" />
  <generatedFiles>
   <file
       path="D:/Quartus_code/test_cordic/atan2/synthesis/atan2.v"
       type="VERILOG" />
  </generatedFiles>
  <childGeneratedFiles>
   <file
       path="D:/Quartus_code/test_cordic/atan2/synthesis/submodules/dspba_library_package.vhd"
       type="VHDL"
       attributes="" />
   <file
       path="D:/Quartus_code/test_cordic/atan2/synthesis/submodules/dspba_library.vhd"
       type="VHDL"
       attributes="" />
   <file
       path="D:/Quartus_code/test_cordic/atan2/synthesis/submodules/atan2_CORDIC_0.vhd"
       type="VHDL"
       attributes="" />
  </childGeneratedFiles>
  <sourceFiles>
   <file path="D:/Quartus_code/test_cordic/atan2.qsys" />
  </sourceFiles>
  <childSourceFiles>
   <file
       path="D:/quartus17.1/ip/altera/dsp/altera_CORDIC/source/altera_CORDIC_hw.tcl" />
  </childSourceFiles>
  <messages>
   <message level="Debug" culprit="atan2">queue size: 0 starting:atan2 "atan2"</message>
   <message level="Progress" culprit="min"></message>
   <message level="Progress" culprit="max"></message>
   <message level="Progress" culprit="current"></message>
   <message level="Debug">Transform: CustomInstructionTransform</message>
   <message level="Debug">No custom instruction connections, skipping transform </message>
   <message level="Debug" culprit="merlin_custom_instruction_transform"><![CDATA[After transform: <b>1</b> modules, <b>0</b> connections]]></message>
   <message level="Debug">Transform: MMTransform</message>
   <message level="Debug">Transform: InterruptMapperTransform</message>
   <message level="Debug">Transform: InterruptSyncTransform</message>
   <message level="Debug">Transform: InterruptFanoutTransform</message>
   <message level="Debug">Transform: AvalonStreamingTransform</message>
   <message level="Debug">Transform: ResetAdaptation</message>
   <message level="Debug" culprit="atan2"><![CDATA["<b>atan2</b>" reuses <b>altera_CORDIC</b> "<b>submodules/atan2_CORDIC_0</b>"]]></message>
   <message level="Debug" culprit="atan2">queue size: 0 starting:altera_CORDIC "submodules/atan2_CORDIC_0"</message>
   <message level="Info" culprit="CORDIC_0">D:/quartus17.1/quartus/dspba/backend/windows64/cmdPolyEval -target CycloneIVE -frequency 100 -name atan2_CORDIC_0 -noChanValid -faithfulRounding -printMachineReadable -noFileGenerate -constrainLatency 100 -speedgrade 7 FXPAtan2Expert 18 8 1 8 0 0</message>
   <message level="Info" culprit="CORDIC_0">Minimum acheivable latency at given frequency is 100 cycles, register padding will occur to meet latency target if necessary</message>
   <message level="Info" culprit="CORDIC_0">D:/quartus17.1/quartus/dspba/backend/windows64/cmdPolyEval -target CycloneIVE -frequency 100 -name atan2_CORDIC_0 -noChanValid -faithfulRounding -printMachineReadable -lang VHDL -constrainLatency 100 -speedgrade 7 FXPAtan2Expert 18 8 1 8 0 0</message>
   <message level="Info" culprit="CORDIC_0">DSP Blocks Used: 0</message>
   <message level="Info" culprit="CORDIC_0">LUTs Used: 1338</message>
   <message level="Info" culprit="CORDIC_0">Memory Bits Used: 1023</message>
   <message level="Info" culprit="CORDIC_0">Memory Blocks Used: 1</message>
   <message level="Info" culprit="CORDIC_0"><![CDATA["<b>atan2</b>" instantiated <b>altera_CORDIC</b> "<b>CORDIC_0</b>"]]></message>
  </messages>
 </entity>
 <entity
   path="submodules/"
   parameterizationKey="altera_CORDIC:17.1:ALL_function=ATAN2,FUNCTION_FAMILY=ALL,LUTSize=6,RES_DSP_param=0,RES_LUT_param=0,RES_MBIT_param=0,RES_MBLOCK_param=0,SFCompensation=false,derivedfunction=ATAN2,force_elaborate=0,frequency_feedback=0,frequency_target=100,fxpt_in_2_fraction_derived=0,fxpt_in_2_sign_derived=1,fxpt_in_2_width_derived=32,fxpt_in_fraction=8,fxpt_in_fraction_derived=0,fxpt_in_sign=1,fxpt_in_sign_derived=1,fxpt_in_width=18,fxpt_in_width_derived=32,fxpt_out_2_fraction_derived=0,fxpt_out_2_sign_derived=1,fxpt_out_2_width_derived=32,fxpt_out_fraction=8,fxpt_out_fraction_derived=0,fxpt_out_sign=1,fxpt_out_sign_derived=1,fxpt_out_width=32,fxpt_out_width_derived=11,gen_enable=false,latency_feedback=0,latency_target=100,performance_goal=combined,report_resources_to_xml=false,selected_device_family=Cyclone IV E,selected_device_speedgrade=7,specifyLUTs=false,useLUTs=false,validation_failed=false"
   instancePathKey="atan2:.:CORDIC_0"
   kind="altera_CORDIC"
   version="17.1"
   name="atan2_CORDIC_0">
  <parameter name="gen_enable" value="false" />
  <parameter name="fxpt_in_sign_derived" value="1" />
  <parameter name="useLUTs" value="false" />
  <parameter name="fxpt_out_2_sign_derived" value="1" />
  <parameter name="fxpt_in_fraction" value="8" />
  <parameter name="fxpt_out_width" value="32" />
  <parameter name="selected_device_family" value="Cyclone IV E" />
  <parameter name="fxpt_out_fraction" value="8" />
  <parameter name="fxpt_in_2_fraction_derived" value="0" />
  <parameter name="fxpt_in_2_width_derived" value="32" />
  <parameter name="fxpt_in_2_sign_derived" value="1" />
  <parameter name="validation_failed" value="false" />
  <parameter name="ALL_function" value="ATAN2" />
  <parameter name="force_elaborate" value="0" />
  <parameter name="latency_target" value="100" />
  <parameter name="LUTSize" value="6" />
  <parameter name="fxpt_out_width_derived" value="11" />
  <parameter name="fxpt_out_fraction_derived" value="0" />
  <parameter name="frequency_target" value="100" />
  <parameter name="fxpt_out_sign" value="1" />
  <parameter name="SFCompensation" value="false" />
  <parameter name="fxpt_in_fraction_derived" value="0" />
  <parameter name="fxpt_in_width" value="18" />
  <parameter name="fxpt_in_sign" value="1" />
  <parameter name="fxpt_out_2_fraction_derived" value="0" />
  <parameter name="selected_device_speedgrade" value="7" />
  <parameter name="derivedfunction" value="ATAN2" />
  <parameter name="fxpt_out_2_width_derived" value="32" />
  <parameter name="specifyLUTs" value="false" />
  <parameter name="report_resources_to_xml" value="false" />
  <parameter name="latency_feedback" value="0" />
  <parameter name="fxpt_out_sign_derived" value="1" />
  <parameter name="FUNCTION_FAMILY" value="ALL" />
  <parameter name="fxpt_in_width_derived" value="32" />
  <parameter name="performance_goal" value="combined" />
  <parameter name="frequency_feedback" value="0" />
  <generatedFiles>
   <file
       path="D:/Quartus_code/test_cordic/atan2/synthesis/submodules/dspba_library_package.vhd"
       type="VHDL"
       attributes="" />
   <file
       path="D:/Quartus_code/test_cordic/atan2/synthesis/submodules/dspba_library.vhd"
       type="VHDL"
       attributes="" />
   <file
       path="D:/Quartus_code/test_cordic/atan2/synthesis/submodules/atan2_CORDIC_0.vhd"
       type="VHDL"
       attributes="" />
  </generatedFiles>
  <childGeneratedFiles/>
  <sourceFiles>
   <file
       path="D:/quartus17.1/ip/altera/dsp/altera_CORDIC/source/altera_CORDIC_hw.tcl" />
  </sourceFiles>
  <childSourceFiles/>
  <instantiator instantiator="atan2" as="CORDIC_0" />
  <messages>
   <message level="Debug" culprit="atan2">queue size: 0 starting:altera_CORDIC "submodules/atan2_CORDIC_0"</message>
   <message level="Info" culprit="CORDIC_0">D:/quartus17.1/quartus/dspba/backend/windows64/cmdPolyEval -target CycloneIVE -frequency 100 -name atan2_CORDIC_0 -noChanValid -faithfulRounding -printMachineReadable -noFileGenerate -constrainLatency 100 -speedgrade 7 FXPAtan2Expert 18 8 1 8 0 0</message>
   <message level="Info" culprit="CORDIC_0">Minimum acheivable latency at given frequency is 100 cycles, register padding will occur to meet latency target if necessary</message>
   <message level="Info" culprit="CORDIC_0">D:/quartus17.1/quartus/dspba/backend/windows64/cmdPolyEval -target CycloneIVE -frequency 100 -name atan2_CORDIC_0 -noChanValid -faithfulRounding -printMachineReadable -lang VHDL -constrainLatency 100 -speedgrade 7 FXPAtan2Expert 18 8 1 8 0 0</message>
   <message level="Info" culprit="CORDIC_0">DSP Blocks Used: 0</message>
   <message level="Info" culprit="CORDIC_0">LUTs Used: 1338</message>
   <message level="Info" culprit="CORDIC_0">Memory Bits Used: 1023</message>
   <message level="Info" culprit="CORDIC_0">Memory Blocks Used: 1</message>
   <message level="Info" culprit="CORDIC_0"><![CDATA["<b>atan2</b>" instantiated <b>altera_CORDIC</b> "<b>CORDIC_0</b>"]]></message>
  </messages>
 </entity>
</deploy>
