{
	"partitions" : [
		{
			"name" : "Top",
			"pins" : [
				{
					"name" : "spi_sck",
					"strict" : false
				},
				{
					"name" : "spi_cs",
					"strict" : false
				},
				{
					"name" : "arm_half_done",
					"strict" : false
				},
				{
					"name" : "pwm_0",
					"strict" : false
				},
				{
					"name" : "pwm_1",
					"strict" : false
				},
				{
					"name" : "pwm_2",
					"strict" : false
				},
				{
					"name" : "pwm_3",
					"strict" : false
				},
				{
					"name" : "pwm_4",
					"strict" : false
				},
				{
					"name" : "air_pump",
					"strict" : false
				},
				{
					"name" : "sys_rst_n",
					"strict" : false
				},
				{
					"name" : "key_4",
					"strict" : false
				},
				{
					"name" : "key_5",
					"strict" : false
				},
				{
					"name" : "key_2",
					"strict" : false
				},
				{
					"name" : "key_3",
					"strict" : false
				},
				{
					"name" : "start_VIP",
					"strict" : false
				},
				{
					"name" : "shape[1]",
					"strict" : false
				},
				{
					"name" : "color[1]",
					"strict" : false
				},
				{
					"name" : "shape[0]",
					"strict" : false
				},
				{
					"name" : "color[0]",
					"strict" : false
				},
				{
					"name" : "spi_miso",
					"strict" : false
				},
				{
					"name" : "altera_reserved_tms",
					"strict" : false
				},
				{
					"name" : "altera_reserved_tck",
					"strict" : false
				},
				{
					"name" : "altera_reserved_tdi",
					"strict" : false
				},
				{
					"name" : "altera_reserved_tdo",
					"strict" : false
				}
			]
		}
	]
}